"","name","mz","rt","Annotation.type","ID","compound.name","isotope","adduct","score","confidence"
"1","M937T955",937.25396,955.145,"metAnnotation","C16466","7-Methyl-3-oxo-6-octenoyl-CoA","[M]","M+NH4",0.446560583798048,"grade2"
"2","M836T826",836.1677,825.898,"metAnnotation","C00877","Crotonoyl-CoA","[M]","M+H",0.694724209589414,"grade2"
"3","M788T634",788.19939,634.315,"adductAnnotation","C01352","FADH2","[M]","M+H",0.441977950501333,"grade2"
"4","M786T731",786.15566,731.283,"metAnnotation","C00016","FAD","[M]","M+H",0.885004700467045,"grade2"
"5","M732T325",731.59779,325.219,"adductAnnotation","C00550","Sphingomyelin","[M]","M+H",0.438823381062342,"grade2"
"6","M705T727",705.19696,726.933,"metAnnotation","C00882","Dephospho-CoA","[M]","M+NH4",0.778477840392023,"grade2"
"7","M695T818",695.12468,817.904,"seed","C00020","AMP","[M]","2M+H",0.907179764609953,"grade1"
"8","M688T648",688.148,647.709,"seed","C00882","Dephospho-CoA","[M]","M+H",0.938510909109447,"grade1"
"9","M684T937",684.24939,937.072,"adductAnnotation","C02052","Maltotetraose","[M]","M+NH4",0.760741825528234,"grade1"
"10","M679T798",679.26742,797.947,"metAnnotation","C01138","Streptomycin 6-phosphate","[M]","M+NH4",0.615348519647162,"grade2"
"11","M679T828",679.26808,827.597,"metAnnotation","C01138","Streptomycin 6-phosphate","[M]","M+NH4",0.738934338932249,"grade2"
"12","M667T975",667.22203,974.511,"adductAnnotation","C01613","Stachyose","[M]","M+H",0.598248366296136,"grade1"
"13","M667T937",667.22339,936.7185,"seed","C01613","Stachyose","[M]","M+H",0.831109058434693,"grade1"
"14","M659T748",659.29079,748.448,"metAnnotation","C21261","2'''-N-Acetyl-6'''-deamino-6'''-hydroxyparomomycin II","[M]","M+H",0.598232129214938,"grade2"
"15","M655T895",655.1632,894.616,"adductAnnotation","C14863","2-(S-Glutathionyl)acetyl glutathione","[M]","M+H",0.780013716760753,"grade2"
"16","M653T570",653.18773,570.0615,"metAnnotation","C11278","Aflatoxin B1exo-8,9-epoxide-GSH","[M]","M+NH4",0.723585438345103,"grade2"
"17","M625T795",625.10763,795.262,"seed","C00043","UDP-N-acetyl-alpha-D-glucosamine","[M]","M+NH4",0.890584687620019,"grade1"
"18","M613T929",613.15406,929.034,"adductAnnotation","C00127","Glutathione disulfide","[M]","M+H",0.806776333910395,"grade2"
"19","M608T795",608.08269,795.311,"metAnnotation","C00043","UDP-N-acetyl-alpha-D-glucosamine","[M]","M+H",0.86936514982559,"grade1"
"20","M606T823",606.08566,822.513,"metAnnotation","C00394","GDP-glucose","[M]","M+H",0.867448713008728,"grade2"
"21","M606T870",606.07647,870.4075,"seed","C00394","GDP-glucose","[M]","M+H",0.916040109063015,"grade1"
"22","M598T877",598.06046,876.595,"seed","C00167","UDP-glucuronate","[M]","M+NH4",0.940343838562731,"grade1"
"23","M590T838_1",590.08214,838.175,"metAnnotation","C00325","GDP-L-fucose","[M]","M+H",0.809603479502524,"grade2"
"24","M590T791",590.08253,791.402,"metAnnotation","C00498","ADP-glucose","[M]","M+H",0.874112573936782,"grade2"
"25","M585T443",585.27435,442.7065,"adductAnnotation","C00486","Bilirubin","[M]","M+H",0.811369391207047,"grade2"
"26","M584T819",584.08159,819.36,"metAnnotation","C00052","UDP-alpha-D-galactose","[M]","M+NH4",0.818523080693816,"grade1"
"27","M583T457",583.24762,457.306,"seed","C00500","Biliverdin","[M]","M+H",0.892493639863982,"grade1"
"28","M581T877",581.03341,876.605,"metAnnotation","C00167","UDP-glucuronate","[M]","M+H",0.767601389068121,"grade1"
"29","M575T845",575.23462,844.679,"metAnnotation","C09332","THF-L-glutamate","[M]","M+H",0.560499224629658,"grade2"
"30","M567T820",567.05507,820.124,"metAnnotation","C00052","UDP-alpha-D-galactose","[M]","M+H",0.818343110856712,"grade1"
"31","M560T791",560.07291,790.808,"metAnnotation","C00301","ADP-ribose","[M]","M+H",0.877838001355958,"grade2"
"32","M560T817",560.07291,817.019,"metAnnotation","C00301","ADP-ribose","[M]","M+H",0.851357617753703,"grade2"
"33","M522T938",522.19601,937.631,"adductAnnotation","C01835","Maltotriose","[M]","M+NH4",0.689610735678313,"grade1"
"34","M522T854_2",522.19777,853.828,"adductAnnotation","C06219","Cellotriose","[M]","M+NH4",0.780184085966902,"grade2"
"35","M517T612",517.18234,611.511,"adductAnnotation","C18235","S-(Hydroxymethyl)mycothiol","[M]","M+H",0.533578128175185,"grade2"
"36","M514T313",514.30232,312.9075,"metAnnotation","C05951","Leukotriene D4","[M]","M+NH4",0.526843793554765,"grade2"
"37","M506T297",506.16546,296.781,"seed","C00299","Uridine","[M]","2M+NH4",0.883417030300175,"grade1"
"38","M505T937",505.17001,936.908,"adductAnnotation","C01835","Maltotriose","[M]","M+H",0.694965210732403,"grade1"
"39","M505T853_2",505.17171,852.9505,"adductAnnotation","C06219","Cellotriose","[M]","M+H",0.722685039275383,"grade2"
"40","M497T633",497.12745,632.875,"metAnnotation","C14804","1-Nitro-7-glutathionyl-8-hydroxy-7,8-dihydronaphthalene","[M]","M+H",0.578977743890675,"grade2"
"41","M489T826",489.10932,826.047,"seed","C00307","CDP-choline","[M]","M+H",0.909820723048142,"grade1"
"42","M487T784",487.10973,783.849,"metAnnotation","C05125","2-(alpha-Hydroxyethyl)thiamine diphosphate","[M]","M+NH4",0.824295103739762,"grade2"
"43","M483T460",483.33611,459.7985,"seed","C01921","Glycocholate","[M]","M+NH4",0.765794467374615,"grade1"
"44","M474T612_2",474.18877,611.572,"metAnnotation","C00445","5,10-Methenyltetrahydrofolate","[M]","M+NH4",0.723386395521721,"grade2"
"45","M474T750",474.16692,749.9705,"seed","C03479","Folinic acid","[M]","M+H",0.901288969605197,"grade1"
"46","M472T682",472.15963,682.287,"adductAnnotation","C03204","10-Formyldihydrofolate","[M]","M+H",0.869304344522465,"grade2"
"47","M472T788",472.15239,788.126,"adductAnnotation","C03204","10-Formyldihydrofolate","[M]","M+H",0.692685366197693,"grade2"
"48","M472T758",472.1033,757.868,"metAnnotation","C04823","1-(5'-Phosphoribosyl)-5-amino-4-(N-succinocarboxamide)-imidazole","[M]","M+NH4",0.640359309919516,"grade2"
"49","M466T323",466.32278,322.9625,"metAnnotation","C01921","Glycocholate","[M]","M+H",0.735127713165298,"grade2"
"50","M466T460",466.3101,459.7215,"adductAnnotation","C01921","Glycocholate","[M]","M+H",0.697092576192694,"grade1"
"51","M464T924",464.07592,923.648,"metAnnotation","C03794","N6-(1,2-Dicarboxyethyl)-AMP","[M]","M+H",0.803855934986592,"grade2"
"52","M462T728",462.17486,727.954,"metAnnotation","C19703","1-O-[2-(L-Cysteinamido)-2-deoxy-alpha-D-glucopyranosyl]-1D-myo-inositol","[M]","M+NH4",0.803864205277519,"grade2"
"53","M459T612",459.17811,611.695,"metAnnotation","C00504","Folate","[M]","M+NH4",0.745355025522007,"grade2"
"54","M457T613",457.16385,612.679,"adductAnnotation","C00445","5,10-Methenyltetrahydrofolate","[M]","M+H",0.672845071302929,"grade2"
"55","M455T828",455.0839,827.53,"metAnnotation","C04823","1-(5'-Phosphoribosyl)-5-amino-4-(N-succinocarboxamide)-imidazole","[M]","M+H",0.742917097377967,"grade2"
"56","M447T832",447.06188,832.033,"metAnnotation","C00570","CDP-ethanolamine","[M]","M+H",0.70716632590363,"grade2"
"57","M444T871",444.0254,870.573,"metAnnotation","C00035","GDP","[M]","M+H",0.818100004211779,"grade2"
"58","M444T837",444.02549,837.366,"seed","C00035","GDP","[M]","M+H",0.922046194907069,"grade1"
"59","M439T536",439.09569,536.421,"adductAnnotation","C16071","Riboflavin cyclic-4',5'-phosphate","[M]","M+H",0.635921206596838,"grade2"
"60","M426T354",426.31519,353.886,"seed","C00695","Cholic acid","[M]","M+NH4",0.866633158072038,"grade1"
"61","M424T281",424.29977,281.28,"adductAnnotation","C01292","3alpha,7alpha-Dihydroxy-12-oxo-5beta-cholanate","[M]","M+NH4",0.673768438099329,"grade2"
"62","M422T795",422.02996,795.181,"seed","C00015","UDP","[M]","M+NH4",0.864340904283402,"grade1"
"63","M422T820",422.03011,820.124,"metAnnotation","C00015","UDP","[M]","M+NH4",0.831273771638986,"grade2"
"64","M416T568",416.16925,568.342,"adductAnnotation","C00019","S-Adenosyl-L-methionine","[M]","M+NH4",0.706618604882429,"grade2"
"65","M407T282",407.27357,282.001,"adductAnnotation","C01292","3alpha,7alpha-Dihydroxy-12-oxo-5beta-cholanate","[M]","M+H",0.576380239613648,"grade2"
"66","M405T820",405.00464,819.724,"metAnnotation","C00015","UDP","[M]","M+H",0.864253354800282,"grade2"
"67","M400T291",400.33683,290.601,"metAnnotation","C02990","L-Palmitoylcarnitine","[M]","M+H",0.641520947973971,"grade2"
"68","M400T313",400.33715,313.417,"metAnnotation","C02990","L-Palmitoylcarnitine","[M]","M+H",0.673039671159974,"grade2"
"69","M399T438",399.19728,438.498,"adductAnnotation","C03423","O-beta-D-Glucosylzeatin","[M]","M+NH4",0.693279816665826,"grade2"
"70","M393T458",393.21791,458.396,"metAnnotation","C21070","(4-{4-[2-(gamma-L-Glutamylamino)ethyl]phenoxymethyl}furan-2-yl)methanamine","[M]","M+NH4",0.654309105534428,"grade2"
"71","M386T634",386.10856,634.315,"adductAnnotation","C03431","S-Inosyl-L-homocysteine","[M]","M+H",0.675040500001728,"grade2"
"72","M385T854",385.12735,854.0105,"seed","C00021","S-Adenosyl-L-homocysteine","[M]","M+H",0.898629548490724,"grade1"
"73","M385T720",385.12471,720.323,"seed","C00021","S-Adenosyl-L-homocysteine","[M]","M+H",0.901899504579082,"grade1"
"74","M382T499",382.17548,498.555,"adductAnnotation","C03423","O-beta-D-Glucosylzeatin","[M]","M+H",0.83759816666705,"grade2"
"75","M381T585",381.18187,585.024,"metAnnotation","C05556","delta-(L-2-Aminoadipyl)-L-cysteinyl-D-valine","[M]","M+NH4",0.771395543743909,"grade2"
"76","M381T702",381.18102,702.107,"adductAnnotation","C05556","delta-(L-2-Aminoadipyl)-L-cysteinyl-D-valine","[M]","M+NH4",0.742858483333559,"grade2"
"77","M380T807",380.11821,806.509,"metAnnotation","C03451","(R)-S-Lactoylglutathione","[M]","M+H",0.630964801333641,"grade2"
"78","M377T393",377.14085,393.4565,"adductAnnotation","C00255","Riboflavin","[M]","M+H",0.731773849999674,"grade2"
"79","M374T618",374.09655,617.528,"adductAnnotation","C03112","Deacetylcephalosporin C","[M]","M+H",0.658709199998706,"grade2"
"80","M370T751",370.09315,751.16,"adductAnnotation","C06187","Arbutin 6-phosphate","[M]","M+NH4",0.85156851666765,"grade2"
"81","M366T752",366.15175,752.338,"metAnnotation","C17951","N-Acetylbialaphos","[M]","M+H",0.445638621062921,"grade2"
"82","M366T831",366.09205,831.412,"metAnnotation","C14862","2-S-Glutathionyl acetate","[M]","M+H",0.752533701506788,"grade2"
"83","M366T952",366.0875,952.409,"seed","C00130","IMP","[M]","M+NH4",0.943328466756592,"grade1"
"84","M364T877",364.0608,876.858,"metAnnotation","C06193","Guanosine 3'-phosphate","[M]","M+H",0.804896822253607,"grade2"
"85","M360T738",360.1466,738.303,"adductAnnotation","C01083","alpha,alpha-Trehalose","[M]","M+NH4",0.797041233332322,"grade2"
"86","M360T854",360.14559,854.1365,"adductAnnotation","C00252","Isomaltose","[M]","M+NH4",0.707624566668092,"grade1"
"87","M360T937",360.1453,937.072,"adductAnnotation","C00208","Maltose","[M]","M+NH4",0.731957900001097,"grade1"
"88","M358T736",358.12948,735.93,"metAnnotation","C05403","3-Ketolactose","[M]","M+NH4",0.440529470768723,"grade2"
"89","M358T534",358.13,533.5505,"adductAnnotation","C14877","S-[2-(N7-Guanyl)ethyl]-N-acetyl-L-cysteine","[M]","M+NH4",0.879730033334681,"grade2"
"90","M355T929",355.06977,929.034,"metAnnotation","C01268","5-Amino-6-(5'-phosphoribosylamino)uracil","[M]","M+H",0.512578563849593,"grade2"
"91","M353T797",353.10809,796.959,"metAnnotation","C01031","S-Formylglutathione","[M]","M+NH4",0.513358742750468,"grade2"
"92","M353T751",353.06679,751.198,"adductAnnotation","C06187","Arbutin 6-phosphate","[M]","M+H",0.842113166665664,"grade2"
"93","M352T780",352.09514,779.5,"adductAnnotation","C00455","Nicotinamide D-ribonucleotide","[M]","M+NH4",0.490502216665732,"grade2"
"94","M350T688",350.09753,688.215,"metAnnotation","C14871","S-(Formylmethyl)glutathione","[M]","M+H",0.792832633454556,"grade2"
"95","M349T81",349.20919,81.116,"seed","C00437","N-Acetylornithine","[M]","2M+H",0.925190414394948,"grade1"
"96","M349T844",349.05089,844.431,"seed","C00130","IMP","[M]","M+H",0.940993929767385,"grade1"
"97","M348T554",348.06557,554.474,"seed","C00020","AMP","[M]","M+H",0.945639665100708,"grade1"
"98","M348T763",348.06617,762.6585,"seed","C00020","AMP","[M]","M+H",0.957416655286224,"grade1"
"99","M348T781",348.06628,781.1655,"metAnnotation","C00362","dGMP","[M]","M+H",0.867902488495237,"grade2"
"100","M348T817",348.06742,817.385,"seed","C01367","3'-AMP","[M]","M+H",0.933871558639211,"grade1"
"101","M347T802",347.19875,801.5925,"metAnnotation","C21160","L-Alanyl-gamma-D-glutamyl-L-lysine","[M]","M+H",0.709704019662242,"grade2"
"102","M347T773",347.18792,772.893,"metAnnotation","C21160","L-Alanyl-gamma-D-glutamyl-L-lysine","[M]","M+H",0.698745512477753,"grade2"
"103","M345T988",345.07361,988.239,"seed","C01081","Thiamin monophosphate","[M]","M+H",0.891448819049254,"grade1"
"104","M345T43",345.03619,42.586,"seed","C00093","sn-Glycerol 3-phosphate","[M]","2M+H",0.852400055222516,"grade1"
"105","M345T652",345.03015,652.032,"seed","C00093","sn-Glycerol 3-phosphate","[M]","2M+H",0.902326145319213,"grade1"
"106","M344T619",344.14944,619.087,"adductAnnotation","C04332","6,7-Dimethyl-8-(D-ribityl)lumazine","[M]","M+NH4",0.596822000000922,"grade2"
"107","M343T937",343.1193,937.0945,"adductAnnotation","C00208","Maltose","[M]","M+H",0.760413250000283,"grade1"
"108","M343T728",343.11909,728.48,"seed","C00252","Isomaltose","[M]","M+H",0.682491472098702,"grade1"
"109","M342T716",342.0688,715.659,"metAnnotation","C00105","UMP","[M]","M+NH4",0.840176319867631,"grade2"
"110","M341T690",341.10333,690.425,"adductAnnotation","C14877","S-[2-(N7-Guanyl)ethyl]-N-acetyl-L-cysteine","[M]","M+H",0.921191349999996,"grade2"
"111","M339T498",339.18836,498.035,"adductAnnotation","C17583","6'-Dehydro-6'-oxoparomamine","[M]","M+NH4",0.909968150001731,"grade2"
"112","M338T499",338.1855,498.555,"metAnnotation","C02993","Kyotorphin","[M]","M+H",0.466635970276317,"grade2"
"113","M336T732",336.08307,732.291,"metAnnotation","C01031","S-Formylglutathione","[M]","M+H",0.634301358017911,"grade2"
"114","M335T628",335.10613,628.203,"metAnnotation","C14874","Glutathione episulfonium ion","[M]","M+H",0.555861092011629,"grade2"
"115","M335T622",335.06856,622.166,"metAnnotation","C01225","sn-Glycero-3-phospho-1-inositol","[M]","M+H",0.642269211896474,"grade2"
"116","M335T809",335.0701,808.875,"metAnnotation","C04703","alpha-D-Galactosyl-(1,1')-sn-glycerol 3-phosphate","[M]","M+H",0.836818247165351,"grade2"
"117","M332T480",332.14075,479.514,"metAnnotation","C00921","Dihydropteroate","[M]","M+NH4",0.722742798622665,"grade2"
"118","M330T570",330.1368,570.045,"adductAnnotation","C01625","Vicianose","[M]","M+NH4",0.834276233331877,"grade2"
"119","M330T524",330.05559,523.536,"seed","C00575","3',5'-Cyclic AMP","[M]","M+H",0.863145368774236,"grade1"
"120","M328T711",328.02815,711.069,"adductAnnotation","C01151","D-Ribose 1,5-bisphosphate","[M]","M+NH4",0.400141266668716,"grade2"
"121","M327T403",327.13695,403.4345,"metAnnotation","C04332","6,7-Dimethyl-8-(D-ribityl)lumazine","[M]","M+H",0.552858517800046,"grade2"
"122","M327T619",327.1243,619.2355,"adductAnnotation","C04332","6,7-Dimethyl-8-(D-ribityl)lumazine","[M]","M+H",0.667277349999532,"grade2"
"123","M325T738",325.11015,738.149,"metAnnotation","C00051","Glutathione","[M]","M+NH4",0.742005979480721,"grade2"
"124","M325T563",325.04915,563.1925,"adductAnnotation","C01168","Pseudouridine 5'-phosphate","[M]","M+H",0.629691533333073,"grade2"
"125","M325T833",325.03948,832.505,"metAnnotation","C00105","UMP","[M]","M+H",0.871074186153345,"grade2"
"126","M322T553",322.10274,552.764,"metAnnotation","C04544","gamma-L-Glutamyl-L-cysteinyl-beta-alanine","[M]","M+H",0.437409263132282,"grade2"
"127","M322T719",322.10276,719.226,"adductAnnotation","C04544","gamma-L-Glutamyl-L-cysteinyl-beta-alanine","[M]","M+H",0.721024033331654,"grade2"
"128","M317T656",317.11097,656.173,"metAnnotation","C03492","D-4'-Phosphopantothenate","[M]","M+NH4",0.889597616628923,"grade2"
"129","M315T697",315.12335,696.726,"adductAnnotation","C00921","Dihydropteroate","[M]","M+H",0.677338016664805,"grade2"
"130","M308T763",308.15563,762.826,"metAnnotation","C03406","N-(L-Arginino)succinate","[M]","M+NH4",0.885990671192969,"grade2"
"131","M308T853",308.08748,853.369,"adductAnnotation","C00051","Glutathione","[M]","M+H",0.621944200002702,"grade2"
"132","M308T743",308.08854,743.202,"seed","C00051","Glutathione","[M]","M+H",0.910190616946014,"grade1"
"133","M307T405",307.04024,404.9,"adductAnnotation","C06673","4-Carboxy-4'-sulfoazobenzene","[M]","M+H",0.806861950001481,"grade2"
"134","M305T691",305.08294,691.14,"metAnnotation","C03506","Indoleglycerol phosphate","[M]","M+NH4",0.788880419841209,"grade2"
"135","M304T624",304.09905,624.062,"metAnnotation","C03838","5'-Phosphoribosylglycinamide","[M]","M+NH4",0.567451120983084,"grade2"
"136","M300T62",300.28607,62.0715,"seed","C16512","Palmitoylethanolamide","[M]","M+H",0.853879374024049,"grade1"
"137","M300T193",300.28575,193.043,"adductAnnotation","C02934","3-Dehydrosphinganine","[M]","M+H",0.72260373333387,"grade2"
"138","M300T832",300.08044,831.719,"adductAnnotation","C03492","D-4'-Phosphopantothenate","[M]","M+H",0.756564650001224,"grade2"
"139","M300T644",300.08538,644.145,"metAnnotation","C03492","D-4'-Phosphopantothenate","[M]","M+H",0.859295202363369,"grade2"
"140","M298T774",298.09372,774.014,"seed","C00170","5'-Methylthioadenosine","[M]","M+H",0.921810579929458,"grade1"
"141","M296T730",296.06246,730.2465,"metAnnotation","C03373","Aminoimidazole ribotide","[M]","M+H",0.827218728149293,"grade2"
"142","M293T893",293.0945,893.0715,"seed","C00284","EDTA","[M]","M+H",0.905578504340993,"grade1"
"143","M293T854",293.09452,853.591,"seed","C00284","EDTA","[M]","M+H",0.868604044424369,"grade1"
"144","M293T952",293.09511,952.1995,"seed","C00284","EDTA","[M]","M+H",0.904184289976031,"grade1"
"145","M293T821",293.09532,820.879,"seed","C00284","EDTA","[M]","M+H",0.892478446198945,"grade1"
"146","M291T872_2",291.12603,872.235,"seed","C03406","N-(L-Arginino)succinate","[M]","M+H",0.916586600481741,"grade1"
"147","M290T472",290.19255,472.258,"metAnnotation","C19767","7-(3-Methylbut-2-enyl)-L-tryptophan","[M]","M+NH4",0.711513969895639,"grade2"
"148","M290T740",290.13147,739.942,"adductAnnotation","C20917","Tabtoxin","[M]","M+H",0.787809033332015,"grade2"
"149","M288T611",288.09764,611.045,"metAnnotation","C17238","S-(Hydroxyphenylacetothiohydroximoyl)-L-cysteine","[M]","M+NH4",0.448080672098731,"grade2"
"150","M288T658",288.0712,657.9835,"metAnnotation","C03506","Indoleglycerol phosphate","[M]","M+H",0.711175707368828,"grade2"
"151","M287T56_2",287.23322,55.532,"seed","C00473","Retinol","[M]","M+H",0.659144565633394,"grade1"
"152","M287T625",287.06632,624.934,"adductAnnotation","C03838","5'-Phosphoribosylglycinamide","[M]","M+H",0.760046866665846,"grade2"
"153","M286T570",286.08273,569.849,"adductAnnotation","C01817","L-Homocystine","[M]","M+NH4",0.564035366667061,"grade2"
"154","M285T403",285.07954,403.487,"seed","C01762","Xanthosine","[M]","M+H",0.869378369389483,"grade1"
"155","M285T570",285.08069,570.045,"adductAnnotation","C01762","Xanthosine","[M]","M+H",0.856287850001176,"grade2"
"156","M284T567",284.09542,566.889,"seed","C00387","Guanosine","[M]","M+H",0.952735318596494,"grade1"
"157","M284T487",284.09579,486.98,"seed","C00387","Guanosine","[M]","M+H",0.958319279118341,"grade1"
"158","M283T640",283.05899,640.074,"metAnnotation","C11631","9-Riburonosylhypoxanthine","[M]","M+H",0.480373528130903,"grade2"
"159","M281T395",281.14618,394.564,"metAnnotation","C16594","7-Mercaptoheptanoylthreonine","[M]","M+NH4",0.777860987047289,"grade2"
"160","M278T893",278.0601,892.573,"adductAnnotation","C05345","beta-D-Fructose 6-phosphate","[M]","M+NH4",0.776669983333401,"grade1"
"161","M277T743",277.14431,742.989,"adductAnnotation","C00449","N6-(L-1,3-Dicarboxypropyl)-L-lysine","[M]","M+H",0.715575949998898,"grade2"
"162","M277T837",277.13687,837.009,"seed","C00449","N6-(L-1,3-Dicarboxypropyl)-L-lysine","[M]","M+H",0.936409344338064,"grade1"
"163","M277T849",277.10083,848.982,"seed","C05282","(5-L-Glutamyl)-L-glutamate","[M]","M+H",0.870404410716912,"grade1"
"164","M276T743",276.14196,742.9415,"metAnnotation","C00670","sn-Glycero-3-phosphocholine","[M]","M+NH4",0.839600777182281,"grade2"
"165","M276T769",276.11543,769.129,"metAnnotation","C18048","N-Succinyl-L-citrulline","[M]","M+H",0.736351424504047,"grade2"
"166","M275T754",275.04947,754.034,"adductAnnotation","C04359","1-Deoxy-D-altro-heptulose 7-phosphate","[M]","M+H",0.813788500000555,"grade2"
"167","M274T682",274.17239,682.287,"metAnnotation","C20279","(2R,3R)-3-Methylglutamyl-5-semialdehyde-N6-lysine","[M]","M+H",0.616644486865353,"grade2"
"168","M273T73",273.1213,73.002,"adductAnnotation","C04874","2-Amino-4-hydroxy-6-(D-erythro-1,2,3-trihydroxypropyl)-7,8-dihydropteridine","[M]","M+NH4",0.466260316667087,"grade1"
"169","M272T590",272.13052,589.581,"adductAnnotation","C05401","3-beta-D-Galactosyl-sn-glycerol","[M]","M+NH4",0.770409399999058,"grade2"
"170","M271T737",271.07744,737.478,"adductAnnotation","C01726","D-Lombricine","[M]","M+H",0.805765933334991,"grade2"
"171","M269T73",269.12519,72.713,"seed","C01801","Deoxyribose","[M]","2M+H",0.589054315566732,"grade1"
"172","M269T403",269.08598,403.2025,"metAnnotation","C00294","Inosine","[M]","M+H",0.862407510801068,"grade2"
"173","M267T604",267.13385,604.24,"metAnnotation","C20926","gamma-Glutamyltyramine","[M]","M+H",0.84370934018044,"grade2"
"174","M267T387",267.13048,386.799,"adductAnnotation","C20926","gamma-Glutamyltyramine","[M]","M+H",0.784390549999756,"grade2"
"175","M264T385",264.10431,385.381,"adductAnnotation","C05856","Thiamine aldehyde","[M]","M+H",0.927821766665706,"grade2"
"176","M262T771_2",262.14556,771.215,"adductAnnotation","C06657","Guanidinoproclavaminic acid","[M]","M+NH4",0.595205166666422,"grade2"
"177","M262T296",262.10003,296.468,"adductAnnotation","C00299","Uridine","[M]","M+NH4",0.770816033332494,"grade1"
"178","M261T864",261.03365,863.53,"seed","C05345","beta-D-Fructose 6-phosphate","[M]","M+H",0.920939314612476,"grade1"
"179","M261T892",261.03387,892.3,"seed","C05345","beta-D-Fructose 6-phosphate","[M]","M+H",0.88199901523828,"grade1"
"180","M259T365",259.10062,365.412,"seed","D02742",NA,"[M]","M+H",0.883314253195943,"grade1"
"181","M258T589",258.06086,589.2275,"metAnnotation","C00491","L-Cystine","[M]","M+NH4",0.760152221139979,"grade2"
"182","M257T507",257.14456,506.968,"metAnnotation","C04244","6-Lactoyl-5,6,7,8-tetrahydropterin","[M]","M+NH4",0.688755667221092,"grade2"
"183","M256T73_1",256.11415,73.256,"adductAnnotation","C04874","2-Amino-4-hydroxy-6-(D-erythro-1,2,3-trihydroxypropyl)-7,8-dihydropteridine","[M]","M+H",0.479117666667759,"grade1"
"184","M256T476",256.09369,476.001,"metAnnotation","C01187","3-Deoxy-D-manno-octulosonate","[M]","M+NH4",0.406136981542581,"grade2"
"185","M253T740",253.08951,740.4645,"adductAnnotation","C05648","5-Hydroxy-N-formylkynurenine","[M]","M+H",0.536997116666536,"grade2"
"186","M249T741",249.10483,740.813,"metAnnotation","C05539","N-Acetyl-L-2-amino-6-oxopimelate","[M]","M+NH4",0.658691737830186,"grade2"
"187","M248T633",248.12086,632.937,"metAnnotation","C05570","Ergothioneine","[M]","M+NH4",0.504610498123437,"grade2"
"188","M248T638",248.05804,637.658,"adductAnnotation","C00117","D-Ribose 5-phosphate","[M]","M+NH4",0.613678349999778,"grade2"
"189","M247T783",247.09098,783.4955,"adductAnnotation","C04796","4-(L-Alanin-3-yl)-2-hydroxy-cis,cis-muconate 6-semialdehyde","[M]","M+NH4",0.744851216667219,"grade2"
"190","M247T838",247.09106,838.105,"metAnnotation","C04797","5-(L-Alanin-3-yl)-2-hydroxy-cis,cis-muconate 6-semialdehyde","[M]","M+NH4",0.558081292724897,"grade2"
"191","M246T798",246.15291,797.895,"metAnnotation","C05340","beta-Alanyl-L-arginine","[M]","M+H",0.84874218561157,"grade2"
"192","M245T768",245.11041,767.896,"metAnnotation","C00826","L-Arogenate","[M]","M+NH4",0.457683126813392,"grade2"
"193","M245T622",245.10474,621.886,"metAnnotation","C00826","L-Arogenate","[M]","M+NH4",0.609689822050603,"grade2"
"194","M245T296",245.0739,296.257,"adductAnnotation","C00299","Uridine","[M]","M+H",0.823188050000539,"grade1"
"195","M244T681",244.126,680.973,"metAnnotation","C00931","Porphobilinogen","[M]","M+NH4",0.829591342386665,"grade2"
"196","M244T564",244.10834,563.9785,"metAnnotation","C16365","5-Acetylamino-6-formylamino-3-methyluracil","[M]","M+NH4",0.715748743616138,"grade2"
"197","M244T447",244.09041,447.491,"seed","C00475","Cytidine","[M]","M+H",0.94408106762152,"grade1"
"198","M243T297",243.05813,296.93,"adductAnnotation","C11426","cis-4-(1'-Hydroxynaphth-2'-yl)-2-oxobut-3-enoate","[M]","M+H",0.444804750000183,"grade2"
"199","M241T778",241.12663,777.785,"seed","C01262","beta-Alanyl-N(pi)-methyl-L-histidine","[M]","M+H",0.873382563913094,"grade1"
"200","M241T609",241.08995,609.3045,"seed","C15587","Purine","[M]","2M+H",0.777958697123663,"grade1"
"201","M241T551",241.07664,551.206,"metAnnotation","C19686","3-(1-Carboxyvinyloxy)anthranilate","[M]","M+NH4",0.829400713405095,"grade2"
"202","M240T513",240.10613,512.945,"seed","C02953","7,8-Dihydrobiopterin","[M]","M+H",0.881704600569311,"grade1"
"203","M240T400",240.0989,399.5615,"metAnnotation","C02655","6-Acetyl-D-glucose","[M]","M+NH4",0.531030347476806,"grade2"
"204","M240T587",240.09258,586.767,"metAnnotation","C17214","2-(3'-Methylthio)propylmalic acid","[M]","M+NH4",0.85296582439061,"grade2"
"205","M239T435",239.06097,435.328,"metAnnotation","C19687","7-Chloro-L-tryptophan","[M]","M+H",0.66542130350025,"grade2"
"206","M238T476",238.09055,475.9675,"seed","C06313","Biopterin","[M]","M+H",0.848395278785189,"grade1"
"207","M235T507",235.1627,506.896,"seed","C00719","Betaine","[M]","2M+H",0.850225788577022,"grade1"
"208","M233T478_1",233.11015,477.692,"metAnnotation","C04390","N6-Acetyl-LL-2,6-diaminoheptanedioate","[M]","M+H",0.626695332980342,"grade2"
"209","M233T745",233.11019,744.844,"metAnnotation","C15767","4-(L-gamma-Glutamylamino)butanoate","[M]","M+H",0.869949071301964,"grade2"
"210","M233T741",233.08124,740.645,"metAnnotation","C01233","sn-Glycero-3-phosphoethanolamine","[M]","M+NH4",0.624216661973258,"grade2"
"211","M231T590",231.13091,589.923,"adductAnnotation","C03169","Pyrimidine nucleoside","[M]","M+NH4",0.433889383333072,"grade2"
"212","M231T516",231.13113,516.145,"metAnnotation","C03169","Pyrimidine nucleoside","[M]","M+NH4",0.530416588367148,"grade2"
"213","M231T476",231.08811,476.417,"metAnnotation","C15503","N,N-Dihydroxy-L-tyrosine","[M]","M+NH4",0.434297652681254,"grade2"
"214","M230T612",230.09401,611.695,"seed","C05570","Ergothioneine","[M]","M+H",0.907327879571752,"grade1"
"215","M230T784",230.06478,784.417,"adductAnnotation","C04796","4-(L-Alanin-3-yl)-2-hydroxy-cis,cis-muconate 6-semialdehyde","[M]","M+H",0.762306566667481,"grade2"
"216","M230T488",230.06682,487.672,"metAnnotation","C04366","3-(2-Carboxyethenyl)-cis,cis-muconate","[M]","M+NH4",0.517082857744223,"grade2"
"217","M229T566",229.11557,566.162,"metAnnotation","C20801","3-Hydroxy-5-methyl-L-tyrosine","[M]","M+NH4",0.853185449466966,"grade2"
"218","M228T382",228.09498,382.378,"seed","C00881","Deoxycytidine","[M]","M+H",0.898182917741071,"grade1"
"219","M228T551",228.09508,550.666,"metAnnotation","C00881","Deoxycytidine","[M]","M+H",0.719218251803097,"grade2"
"220","M228T622",228.07808,621.949,"adductAnnotation","C00826","L-Arogenate","[M]","M+H",0.533617899999664,"grade2"
"221","M226T617",226.12696,617.459,"metAnnotation","C00328","L-Kynurenine","[M]","M+NH4",0.474654071245168,"grade2"
"222","M226T498",226.12318,497.969,"seed","C01089","(R)-3-Hydroxybutanoate","[M]","2M+NH4",0.781198447536288,"grade1"
"223","M226T454",226.07967,454.076,"metAnnotation","C20772","3-[(1-Carboxyvinyl)oxy]benzoate","[M]","M+NH4",0.665162355962114,"grade2"
"224","M226T737",226.08096,736.7625,"metAnnotation","C11355","4-Amino-4-deoxychorismate","[M]","M+H",0.51340061375832,"grade2"
"225","M226T703",226.0662,702.861,"adductAnnotation","C17212","3-(2'-Methylthio)ethylmalic acid","[M]","M+NH4",0.462246066667717,"grade2"
"226","M223T422",223.10465,421.974,"adductAnnotation","C20843","N5-Phenyl-L-glutamine","[M]","M+H",0.780795716666963,"grade2"
"227","M223T756",223.07968,755.5165,"adductAnnotation","C02291","L-Cystathionine","[M]","M+H",0.758054116666168,"grade2"
"228","M222T480",222.09479,480.3735,"seed","C00140","N-Acetyl-D-glucosamine","[M]","M+H",0.921602857267806,"grade1"
"229","M220T498",220.11609,498.1215,"seed","C00864","Pantothenate","[M]","M+H",0.901513079427543,"grade1"
"230","M220T577",220.06633,577.354,"adductAnnotation","C12248","5-Hydroxy-2-oxo-4-ureido-2,5-dihydro-1H-imidazole-5-carboxylate","[M]","M+NH4",0.872491166667051,"grade2"
"231","M219T520",219.13917,520.064,"adductAnnotation","C20940","L-Dihydroanticapsin","[M]","M+NH4",0.480109450000176,"grade2"
"232","M219T549",219.09493,549.3695,"metAnnotation","C03738","gamma-L-Glutamyl-D-alanine","[M]","M+H",0.76104798005069,"grade2"
"233","M218T631_2",218.10993,631.228,"adductAnnotation","C06659","Dihydroclavaminic acid","[M]","M+NH4",0.721362366666293,"grade2"
"234","M218T587",218.11052,586.618,"metAnnotation","C15532","N-Acetyl-L-citrulline","[M]","M+H",0.889222912163362,"grade2"
"235","M217T459",217.16317,458.517,"metAnnotation","C12448","Ecgonine methyl ester","[M]","M+NH4",0.687884392767334,"grade2"
"236","M217T390",217.15182,390.1755,"metAnnotation","C12448","Ecgonine methyl ester","[M]","M+NH4",0.86104766320579,"grade2"
"237","M217T697",217.12678,696.715,"metAnnotation","C06114","gamma-Glutamyl-beta-aminopropiononitrile","[M]","M+NH4",0.878310706371521,"grade2"
"238","M217T608",217.11522,607.596,"metAnnotation","C20941","L-Anticapsin","[M]","M+NH4",0.470411845387494,"grade2"
"239","M217T435",217.07943,434.57,"adductAnnotation","C06662","Clavulanic acid","[M]","M+NH4",0.748836216667399,"grade2"
"240","M216T740",216.0604,739.833,"metAnnotation","C01233","sn-Glycero-3-phosphoethanolamine","[M]","M+H",0.840979658758643,"grade2"
"241","M215T532",215.1361,531.5835,"metAnnotation","C05588","L-Metanephrine","[M]","M+NH4",0.752571663829557,"grade2"
"242","M213T469",213.16813,469.126,"metAnnotation","C16836","1,4'-Bipiperidine-1'-carboxylic acid","[M]","M+H",0.604393406699581,"grade2"
"243","M212T710",212.05017,709.541,"adductAnnotation","C08538","Betalamic acid","[M]","M+H",0.703124900000754,"grade2"
"244","M209T500",209.09922,499.909,"seed","C01089","(R)-3-Hydroxybutanoate","[M]","2M+H",0.782430041581072,"grade1"
"245","M208T492",208.06673,492.142,"adductAnnotation","C14876","S-(2-Hydroxyethyl)-N-acetyl-L-cysteine","[M]","M+H",0.876352266666989,"grade2"
"246","M207T697",207.01147,696.715,"metAnnotation","C01990","3-Oxalomalate","[M]","M+H",0.900148977993907,"grade2"
"247","M205T477",205.09391,477.067,"seed","C00078","L-Tryptophan","[M]","M+H",0.911373707430997,"grade1"
"248","M204T571",204.12122,571.107,"seed","C02571","O-Acetylcarnitine","[M]","M+H",0.957005659247928,"grade1"
"249","M203T977",203.14792,976.598,"seed","C03626","NG,NG-Dimethyl-L-arginine","[M]","M+H",0.854406772467592,"grade1"
"250","M203T427",203.13631,427.423,"metAnnotation","C12449","Pseudoecgonine","[M]","M+NH4",0.632866949054825,"grade2"
"251","M203T605",203.1,605.331,"metAnnotation","C06658","Proclavaminic acid","[M]","M+H",0.843403225933937,"grade2"
"252","M202T622",202.11702,622.2655,"adductAnnotation","C00588","Choline phosphate","[M]","M+NH4",0.527792783333723,"grade2"
"253","M202T665",202.06408,664.513,"metAnnotation","C11821","5-Hydroxyisourate","[M]","M+NH4",0.692887258656351,"grade2"
"254","M201T679",201.13179,679.329,"adductAnnotation","C04259","N,N-Dimethylhistidine","[M]","M+NH4",0.557956849999414,"grade2"
"255","M201T398",201.12075,398.001,"metAnnotation","C05589","L-Normetanephrine","[M]","M+NH4",0.687723199453735,"grade2"
"256","M201T632",201.08461,631.6545,"adductAnnotation","C06659","Dihydroclavaminic acid","[M]","M+H",0.782817716666311,"grade2"
"257","M201T587",201.08471,586.6925,"adductAnnotation","C06659","Dihydroclavaminic acid","[M]","M+H",0.846484383333158,"grade2"
"258","M200T435",200.05273,435.172,"adductAnnotation","C06662","Clavulanic acid","[M]","M+H",0.741291566666831,"grade2"
"259","M198T737",198.09456,737.2195,"adductAnnotation","C10906","D-Fructose","[M]","M+NH4",0.73446623333291,"grade2"
"260","M198T577",198.08641,577.215,"adductAnnotation","C02997","N-Acetyl-L-histidine","[M]","M+H",0.904017533333217,"grade2"
"261","M198T740",198.04995,739.942,"metAnnotation","C01616","Tauropine","[M]","M+H",0.714837412440735,"grade2"
"262","M198T622",198.04063,621.918,"adductAnnotation","C04604","3-Hydroxy-2-methylpyridine-4,5-dicarboxylate","[M]","M+H",0.96037160000039,"grade2"
"263","M190T435",190.10513,435.447,"seed","C00741","Diacetyl","[M]","2M+NH4",0.817474951684219,"grade1"
"264","M190T478",190.07393,477.65,"adductAnnotation","C00624","N-Acetyl-L-glutamate","[M]","M+H",0.675378599999789,"grade2"
"265","M190T710",190.06835,709.655,"adductAnnotation","C03871","L-2-Amino-6-oxoheptanedioate","[M]","M+H",0.831621400001192,"grade2"
"266","M189T735",189.12097,734.899,"seed","C02727","N6-Acetyl-L-lysine","[M]","M+H",0.867797037665446,"grade1"
"267","M189T572",189.08532,571.6465,"metAnnotation","C20920","Tabtoxinine-delta-lactam","[M]","M+H",0.888801239050789,"grade2"
"268","M188T412",188.12542,411.707,"adductAnnotation","C01092","8-Amino-7-oxononanoate","[M]","M+H",0.830073899999652,"grade2"
"269","M188T612",188.09937,611.802,"adductAnnotation","C05576","3,4-Dihydroxyphenylethyleneglycol","[M]","M+NH4",0.645650600000124,"grade2"
"270","M188T477",188.06844,477.284,"adductAnnotation","C06559","Deethylatrazine","[M]","M+H",0.870927583333108,"grade2"
"271","M187T478",187.12027,478.389,"adductAnnotation","C01152","N(pi)-Methyl-L-histidine","[M]","M+NH4",0.845372983332387,"grade2"
"272","M186T612_2",186.10396,611.695,"metAnnotation","C06459","N-Trimethyl-2-aminoethylphosphonate","[M]","M+NH4",0.52208532993634,"grade2"
"273","M185T622",185.09117,622.065,"adductAnnotation","C00588","Choline phosphate","[M]","M+H",0.496420766666896,"grade2"
"274","M185T696",185.02982,695.55,"adductAnnotation","C11821","5-Hydroxyisourate","[M]","M+H",0.934181516667271,"grade2"
"275","M184T560",184.08409,559.894,"seed","C16353","7-Methylxanthine","[M]","M+NH4",0.604364491451533,"grade1"
"276","M184T622_2",184.08841,622.003,"metAnnotation","C01685","D-Ribonate","[M]","M+NH4",0.45711787720943,"grade2"
"277","M184T732",184.07067,731.559,"seed","C00588","Choline phosphate","[M]","M+H",0.688588512477346,"grade1"
"278","M184T974_2",184.07205,974.169,"seed","C00588","Choline phosphate","[M]","M+H",0.880820207076198,"grade1"
"279","M184T577",184.06946,577.4855,"metAnnotation","C00919","Choline sulfate","[M]","M+H",0.750192773646811,"grade2"
"280","M183T590",183.0721,590.278,"seed","C05653","Formylanthranilate","[M]","M+NH4",0.665708226947933,"grade1"
"281","M182T560",182.07991,559.834,"metAnnotation","C00082","L-Tyrosine","[M]","M+H",0.888930647426337,"grade2"
"282","M179T743",179.0465,743.123,"metAnnotation","C00204","2-Dehydro-3-deoxy-D-gluconate","[M]","M+H",0.572347386202419,"grade2"
"283","M177T440",177.09928,440.265,"seed","C00780","Serotonin","[M]","M+H",0.787121340456596,"grade1"
"284","M176T745",176.06421,744.6495,"seed","C03139","N-Amidino-L-aspartate","[M]","M+H",0.901184510610156,"grade1"
"285","M175T1014",175.11661,1013.64,"seed","C00062","L-Arginine","[M]","M+H",0.881094146823281,"grade1"
"286","M175T524",175.10524,524.453,"adductAnnotation","C01047","N5-Ethyl-L-glutamine","[M]","M+H",0.83887905000114,"grade2"
"287","M173T444",173.12604,444.188,"seed","C10129","Arecoline","[M]","M+NH4",0.948432921808776,"grade1"
"288","M173T824",173.01851,823.758,"seed","C00093","sn-Glycerol 3-phosphate","[M]","M+H",0.925801677699872,"grade1"
"289","M173T638",173.01891,637.63,"adductAnnotation","C00093","sn-Glycerol 3-phosphate","[M]","M+H",0.864743500000638,"grade2"
"290","M170T472",170.07864,471.77,"seed","C00755","4-Hydroxy-3-methoxy-benzaldehyde","[M]","M+NH4",0.805498923604161,"grade1"
"291","M168T475",168.08935,474.9015,"seed","C00181","D-Xylose","[M]","M+NH4",0.925668687704941,"grade1"
"292","M167T559",167.05772,559.244,"adductAnnotation","C16353","7-Methylxanthine","[M]","M+H",0.850692316666614,"grade1"
"293","M166T618",166.084,617.666,"seed","C00079","L-Phenylalanine","[M]","M+H",0.805796073314125,"grade1"
"294","M166T474_2",166.08419,474.355,"seed","C00079","L-Phenylalanine","[M]","M+H",0.938263074849101,"grade1"
"295","M163T671_2",163.11414,670.988,"adductAnnotation","C01035","4-Guanidinobutanoate","[M]","M+NH4",0.72654368333364,"grade1"
"296","M163T738",163.05812,737.852,"adductAnnotation","C02488","(R)-2-Ethylmalate","[M]","M+H",0.868073249999478,"grade2"
"297","M162T671_2",162.11105,670.8925,"seed","C00318","L-Carnitine","[M]","M+H",0.821144972753636,"grade1"
"298","M162T556",162.07357,555.52,"seed","C00546","Methylglyoxal","[M]","2M+NH4",0.954072249666333,"grade1"
"299","M162T756",162.07393,756.268,"seed","C00956","L-2-Aminoadipate","[M]","M+H",0.797532759468999,"grade1"
"300","M162T573",162.07367,572.953,"seed","C00546","Methylglyoxal","[M]","2M+NH4",0.943425759042112,"grade1"
"301","M160T626",160.10583,625.564,"adductAnnotation","C06231","Ectoine","[M]","M+NH4",0.851662199999225,"grade2"
"302","M156T576",156.07441,576.214,"seed","C00785","Urocanate","[M]","M+NH4",0.74114867888699,"grade1"
"303","M155T707",155.04046,706.702,"adductAnnotation","C03277","Imidazol-5-yl-pyruvate","[M]","M+H",0.552476383333707,"grade2"
"304","M153T570_2",153.03954,569.761,"seed","C07599","Alloxanthine","[M]","M+H",0.836708713579102,"grade1"
"305","M153T395_2",153.03929,394.687,"seed","C00385","Xanthine","[M]","M+H",0.885804699338027,"grade1"
"306","M152T518",152.06818,518.002,"metAnnotation","C00603","(-)-Ureidoglycolate","[M]","M+NH4",0.759974739808796,"grade2"
"307","M152T487_2",152.05505,487.013,"adductAnnotation","C00149","(S)-Malate","[M]","M+NH4",0.926708233333376,"grade2"
"308","M150T526",150.05603,526.457,"seed","C00073","L-Methionine","[M]","M+H",0.912614705384234,"grade1"
"309","M149T474",149.05706,474.468,"adductAnnotation","C03015","O-Carbamoyl-L-serine","[M]","M+H",0.952758616665903,"grade2"
"310","M148T734",148.05854,733.519,"seed","C00025","L-Glutamate","[M]","M+H",0.938638583320168,"grade1"
"311","M147T721",147.07444,721.4445,"seed","C00064","L-Glutamine","[M]","M+H",0.925417794640709,"grade1"
"312","M147T696_2",147.07538,696.313,"seed","C00064","L-Glutamine","[M]","M+H",0.941127574894982,"grade1"
"313","M147T560",147.04199,559.834,"metAnnotation","C15607","3-Oxo-3-ureidopropanoate","[M]","M+H",0.768758781118495,"grade2"
"314","M146T671",146.09022,671.0205,"seed","C01035","4-Guanidinobutanoate","[M]","M+H",0.768906347348719,"grade1"
"315","M146T477",146.05794,477.279,"adductAnnotation","C08734","Ammelide","[M]","M+NH4",0.50702250000063,"grade2"
"316","M145T478",145.07344,478.394,"adductAnnotation","C05516","5-Amino-4-imidazole carboxylate","[M]","M+NH4",0.770529150000186,"grade2"
"317","M145T571",145.04758,571.1615,"adductAnnotation","C00922","2,3-Dimethylmaleate","[M]","M+H",0.781641583333377,"grade2"
"318","M145T738",145.04758,737.885,"metAnnotation","C02930","2-Methyleneglutarate","[M]","M+H",0.833171286266986,"grade2"
"319","M143T603",143.07951,603.12,"metAnnotation","C06231","Ectoine","[M]","M+H",0.920894147055585,"grade2"
"320","M143T626",143.07956,625.5055,"adductAnnotation","C06231","Ectoine","[M]","M+H",0.865617549999797,"grade2"
"321","M143T546",143.04634,546.348,"seed","C00245","Taurine","[M]","M+NH4",0.921129136799806,"grade1"
"322","M141T665",140.99301,664.674,"adductAnnotation","C00227","Acetyl phosphate","[M]","M+H",0.87539866666674,"grade2"
"323","M138T631",138.07209,631.061,"adductAnnotation","C07054","Isoniazid","[M]","M+H",0.633429133333019,"grade2"
"324","M138T533",138.05356,532.546,"seed","C00108","Anthranilate","[M]","M+H",0.720806197434751,"grade1"
"325","M138T554_2",138.05369,553.699,"seed","C00108","Anthranilate","[M]","M+H",0.690701188917811,"grade1"
"326","M137T631",137.06934,631.1665,"metAnnotation","C03537","S-Acetylthioethanolamine","[M]","M+NH4",0.555567166431942,"grade2"
"327","M137T559",137.05762,559.398,"adductAnnotation","C03765","4-Hydroxyphenylacetaldehyde","[M]","M+H",0.785604583333243,"grade2"
"328","M137T403_2",137.04509,403.263,"seed","C00262","Hypoxanthine","[M]","M+H",0.896283124319803,"grade1"
"329","M135T487",135.02799,486.8275,"adductAnnotation","C00149","(S)-Malate","[M]","M+H",0.901163583332779,"grade2"
"330","M134T749",134.04263,748.752,"seed","C00049","L-Aspartate","[M]","M+H",0.82149792729744,"grade1"
"331","M133T570",133.04723,569.623,"adductAnnotation","C03589","4-Hydroxy-2-oxopentanoate","[M]","M+H",0.777391583333535,"grade2"
"332","M133T526",133.02998,526.446,"adductAnnotation","C00802","Oxalureate","[M]","M+H",0.745751616667273,"grade2"
"333","M132T622",132.09987,622.0335,"adductAnnotation","C00407","L-Isoleucine","[M]","M+H",0.851562400000375,"grade2"
"334","M132T487_2",132.1005,486.907,"adductAnnotation","C02486","(3R)-beta-Leucine","[M]","M+H",0.823395733333759,"grade2"
"335","M132T648_2",132.07587,648.146,"seed","C00300","Creatine","[M]","M+H",0.901427940473854,"grade1"
"336","M131T475",131.04713,474.503,"adductAnnotation","C16484","1-Fluorocyclohexadiene-cis,cis-1,2-diol","[M]","M+H",0.807528666667584,"grade2"
"337","M130T616",130.08438,615.885,"metAnnotation","C00408","L-Pipecolate","[M]","M+H",0.80240468145532,"grade2"
"338","M130T547",130.04807,546.929,"seed","C01879","Pidolic acid","[M]","M+H",0.851472827435651,"grade1"
"339","M130T696_2",130.0492,696.4715,"seed","C01879","Pidolic acid","[M]","M+H",0.74203424410362,"grade1"
"340","M130T571",130.04868,570.9615,"adductAnnotation","C01879","Pidolic acid","[M]","M+H",0.904508066665793,"grade2"
"341","M129T571",129.06382,571.135,"adductAnnotation","C05715","gamma-Amino-gamma-cyanobutanoate","[M]","M+H",0.785621049999728,"grade2"
"342","M129T635",129.06405,635.171,"metAnnotation","C05715","gamma-Amino-gamma-cyanobutanoate","[M]","M+H",0.838922586804337,"grade2"
"343","M127T589",127.04832,588.818,"seed","C02835","Imidazole-4-acetate","[M]","M+H",0.953537164893553,"grade1"
"344","M126T479",126.05284,478.832,"seed","C00472","p-Benzoquinone","[M]","M+NH4",0.615899449073975,"grade1"
"345","M126T546",126.02094,546.2315,"seed","C00245","Taurine","[M]","M+H",0.943940376819408,"grade1"
"346","M124T392",124.03734,392.359,"seed","C10164","Picolinic acid","[M]","M+H",0.88886014135291,"grade1"
"347","M118T507_2",118.0856,507.128,"seed","C00719","Betaine","[M]","M+H",0.897716302363446,"grade1"
"348","M118T721",118.08417,720.8995,"seed","C00719","Betaine","[M]","M+H",0.887784525677298,"grade1"
"349","M118T559",118.08426,558.769,"adductAnnotation","C12518","Glutaral","[M]","M+NH4",0.695315900000243,"grade1"
"350","M118T673",118.08428,673.3395,"seed","C00719","Betaine","[M]","M+H",0.911179851894227,"grade1"
"351","M116T389",116.10491,388.578,"metAnnotation","C00414","Cyclohexanone","[M]","M+NH4",0.559283020285053,"grade2"
"352","M116T582_2",116.06993,581.7015,"seed","C00763","D-Proline","[M]","M+H",0.94207111167213,"grade1"
"353","M112T382",112.04895,381.959,"seed","C00380","Cytosine","[M]","M+H",0.849200174668284,"grade1"
"354","M112T447",112.04906,447.491,"seed","C00380","Cytosine","[M]","M+H",0.900735108853266,"grade1"
"355","M110T641",110.02536,640.711,"seed","C00519","Hypotaurine","[M]","M+H",0.913039794209579,"grade1"
"356","M106T615",106.08451,614.859,"adductAnnotation","C00466","Acetoin","[M]","M+NH4",0.714315899999946,"grade2"
"357","M104T700",104.06921,700.308,"seed","C00334","4-Aminobutanoate","[M]","M+H",0.80847170938687,"grade1"
"358","M103T671",103.03719,670.988,"seed","C00164","Acetoacetate","[M]","M+H",0.610087499511003,"grade1"
"359","M102T682",102.08998,682.287,"seed","C00576","Betaine aldehyde","[M]","M+H",0.898928434508871,"grade1"
"360","M102T733",102.05339,733.453,"adductAnnotation","C01234","1-Aminocyclopropane-1-carboxylate","[M]","M+H",0.799406233333144,"grade1"
"361","M91T560",91.05272,560.0525,"metAnnotation","C15809","Iminoglycine","[M]","M+NH4",0.792527791531147,"grade2"
"362","M90T625",90.05356,625.268,"seed","C00041","L-Alanine","[M]","M+H",0.952657345118434,"grade1"
"363","M90T647",90.05403,646.509,"seed","C00041","L-Alanine","[M]","M+H",0.941756841997096,"grade1"
"364","M85T571",85.02707,570.841,"adductAnnotation","C06144","3-Butynoate","[M]","M+H",0.852361583332926,"grade2"
"365","M76T609",76.07469,609.25,"seed","C01104","Trimethylamine N-oxide","[M]","M+H",0.88326541591111,"grade1"
